-- phpMyAdmin SQL Dump
-- version 5.2.1
-- https://www.phpmyadmin.net/
--
-- Host: 127.0.0.1
-- Gegenereerd op: 16 dec 2025 om 11:09
-- Serverversie: 10.4.32-MariaDB
-- PHP-versie: 8.2.12

SET SQL_MODE = "NO_AUTO_VALUE_ON_ZERO";
START TRANSACTION;
SET time_zone = "+00:00";


/*!40101 SET @OLD_CHARACTER_SET_CLIENT=@@CHARACTER_SET_CLIENT */;
/*!40101 SET @OLD_CHARACTER_SET_RESULTS=@@CHARACTER_SET_RESULTS */;
/*!40101 SET @OLD_COLLATION_CONNECTION=@@COLLATION_CONNECTION */;
/*!40101 SET NAMES utf8mb4 */;

--
-- Database: `webshop`
--
CREATE DATABASE IF NOT EXISTS `webshop` DEFAULT CHARACTER SET utf8mb4 COLLATE utf8mb4_unicode_ci;
USE `webshop`;

-- --------------------------------------------------------

--
-- Tabelstructuur voor tabel `products`
--

CREATE TABLE `products` (
  `id` int(11) NOT NULL,
  `name` varchar(200) NOT NULL,
  `price` decimal(10,2) NOT NULL,
  `click` int(11) DEFAULT 0,
  `description` text DEFAULT NULL,
  `created_at` timestamp NOT NULL DEFAULT current_timestamp()
) ENGINE=InnoDB DEFAULT CHARSET=utf8mb4 COLLATE=utf8mb4_unicode_ci;

--
-- Gegevens worden geëxporteerd voor tabel `products`
--

INSERT INTO `products` (`id`, `name`, `price`, `click`, `description`, `created_at`) VALUES
(1, 'Lorum Epsum lang test', 79.99, 150, 'Lorem ipsum dolor sit amet, consectetuer adipiscing elit. Aenean commodo ligula eget dolor. Aenean massa. Cum sociis natoque penatibus et magnis dis parturient montes, nascetur ridiculus mus. Donec quam felis, ultricies nec, pellentesque eu, pretium quis, sem. Nulla consequat massa quis enim. Donec pede justo, fringilla vel, aliquet nec, vulputate eget, arcu. In enim justo, rhoncus ut, imperdiet a, venenatis vitae, justo. Nullam dictum felis eu pede mollis pretium. Integer tincidunt. Cras dapibus. Vivamus elementum semper nisi. Aenean vulputate eleifend tellus. Aenean leo ligula, porttitor eu, consequat vitae, eleifend ac, enim. Aliquam lorem ante, dapibus in, viverra quis, feugiat a, tellus. Phasellus viverra nulla ut metus varius laoreet. Quisque rutrum. Aenean imperdiet. Etiam ultricies nisi vel augue. Curabitur ullamcorper ultricies nisi. Nam eget dui. Etiam rhoncus. Maecenas tempus, tellus eget condimentum rhoncus, sem quam semper libero, sit amet adipiscing sem neque sed ipsum. Nam quam nunc, blandit vel, luctus pulvinar, hendrerit id, lorem. Maecenas nec odio et ante tincidunt tempus. Donec vitae sapien ut libero venenatis faucibus. Nullam quis ante. Etiam sit amet orci eget eros faucibus tincidunt. Duis leo. Sed fringilla mauris sit amet nibh. Donec sodales sagittis magna. Sed consequat, leo eget bibendum sodales, augue velit cursus nunc, quis gravida magna mi a libero. Fusce vulputate eleifend sapien. Vestibulum purus quam, scelerisque ut, mollis sed, nonummy id, metus. Nullam accumsan lorem in dui. Cras ultricies mi eu turpis hendrerit fringilla. Vestibulum ante ipsum primis in faucibus orci luctus et ultrices posuere cubilia Curae; In ac dui quis mi consectetuer lacinia. Nam pretium turpis et arcu. Duis arcu tortor, suscipit eget, imperdiet nec, imperdiet iaculis, ipsum. Sed aliquam ultrices mauris. Integer ante arcu, accumsan a, consectetuer eget, posuere ut, mauris. Praesent adipiscing. Phasellus ullamcorper ipsum rutrum nunc. Nunc nonummy metus. Vestibulum volutpat pretium libero. Cras id dui. Aenean ut eros et nisl sagittis vestibulum. Nullam nulla eros, ultricies sit amet, nonummy id, imperdiet feugiat, pede. Sed lectus. Donec mollis hendrerit risus. Phasellus nec sem in justo pellentesque facilisis. Etiam imperdiet imperdiet orci. Nunc nec neque. Phasellus leo dolor, tempus non, auctor et, hendrerit quis, nisi. Curabitur ligula sapien, tincidunt non, euismod vitae, posuere imperdiet, leo. Maecenas malesuada. Praesent congue erat at massa. Sed cursus turpis vitae tortor. Donec posuere vulputate arcu. Phasellus accumsan cursus velit. Vestibulum ante ipsum primis in faucibus orci luctus et ultrices posuere cubilia Curae; Sed aliquam, nisi quis porttitor congue, elit erat euismod orci, ac placerat dolor lectus quis orci. Phasellus consectetuer vestibulum elit. Aenean tellus metus, bibendum sed, posuere ac, mattis non, nunc. Vestibulum fringilla pede sit amet augue. In turpis. Pellentesque posuere. Praesent turpis. Aenean posuere, tortor sed cursus feugiat, nunc augue blandit nunc, eu sollicitudin urna dolor sagittis lacus. Donec elit libero, sodales nec, volutpat a, suscipit non, turpis. Nullam sagittis. Suspendisse pulvinar, augue ac venenatis condimentum, sem libero volutpat nibh, nec pellentesque velit pede quis nunc. Vestibulum ante ipsum primis in faucibus orci luctus et ultrices posuere cubilia Curae; Fusce id purus. Ut varius tincidunt libero. Phasellus dolor. Maecenas vestibulum mollis diam. Pellentesque ut neque. Pellentesque habitant morbi tristique senectus et netus et malesuada fames ac turpis egestas. In dui magna, posuere eget, vestibulum et, tempor auctor, justo. In ac felis quis tortor malesuada pretium. Pellentesque auctor neque nec urna. Proin sapien ipsum, porta a, auctor quis, euismod ut, mi. Aenean viverra rhoncus pede. Pellentesque habitant morbi tristique senectus et netus et malesuada fames ac turpis egestas. Ut non enim eleifend felis pretium feugiat. Vivamus quis mi. Phasellus a est. Phasellus magna. In hac habitasse platea dictumst. Curabitur at lacus ac velit ornare lobortis. Curabitur a felis in nunc fringilla tristique. Morbi mattis ullamcorper velit. Phasellus gravida semper nisi. Nullam vel sem. Pellentesque libero tortor, tincidunt et, tincidunt eget, semper nec, quam. Sed hendrerit. Morbi ac felis. Nunc egestas, augue at pellentesque laoreet, felis eros vehicula leo, at malesuada velit leo quis pede. Donec interdum, metus et hendrerit aliquet, dolor diam sagittis ligula, eget egestas libero turpis vel mi. Nunc nulla. Fusce', '2025-12-16 00:52:44'),
(2, 'Wireless Headphones', 79.99, 150, 'Lorem ipsum dolor sit amet, consectetuer adipiscing elit. Aenean commodo ligula eget dolor. Aenean massa. Cum sociis natoque penatibus et magnis dis parturient montes, nascetur ridiculus mus. Donec q', '2025-12-16 00:52:44'),
(3, 'Smart Watch', 249.99, 321, 'Fitness tracking smartwatch with heart rate monitor and GPS', '2025-12-16 00:52:44'),
(4, 'Laptop Stand', 34.99, 90, 'Ergonomic aluminum laptop stand for better posture', '2025-12-16 00:52:44'),
(5, 'USB-C Hub', 45.99, 211, '7-in-1 USB-C hub with HDMI, USB 3.0, and SD card reader', '2025-12-16 00:52:44'),
(6, 'Mechanical Keyboard', 129.99, 276, 'RGB backlit mechanical keyboard witxh blue switches', '2025-12-16 00:52:44'),
(7, 'Portable SSD', 159.99, 181, '1TB portable SSD with fast read/write speeds', '2025-12-16 00:52:44'),
(8, 'Webcam 1080p', 69.99, 95, 'Full HD webcam with auto-focus and built-in microphone', '2025-12-16 00:52:44'),
(9, 'Phone Case', 19.99, 421, 'Shockproof protective phone case with kickstand', '2025-12-16 00:52:44'),
(10, 'Bluetooth Speaker', 89.99, 165, 'Waterproof Bluetooth speaker with 12-hour playtime', '2025-12-16 00:52:44'),
(11, 'Wireless Mouse', 29.99, 341, 'Ergonomic wireless mouse with adjustable DPI', '2025-12-16 00:52:44'),
(12, 'Gaming Monitor 27\"', 349.99, 46, '27-inch QHD gaming monitor with 144Hz refresh rate', '2025-12-16 00:52:44'),
(13, 'Desk Lamp LED', 39.99, 12, 'Adjustable LED desk lamp with touch controls and USB charging port', '2025-12-16 00:52:44'),
(14, 'Cable Management Kit', 14.99, 8, 'Complete cable organizer set for clean desk setup', '2025-12-16 00:52:44'),
(15, 'Laptop Cooling Pad', 24.99, 31, 'Dual fan cooling pad with adjustable height for laptops up to 17 inches', '2025-12-16 00:52:44'),
(16, 'Smartphone Gimbal', 99.99, 72, '3-axis handheld gimbal stabilizer for smartphones', '2025-12-16 00:52:44'),
(17, 'External Hard Drive 2TB', 89.99, 54, 'Portable external hard drive with USB 3.0 connectivity', '2025-12-16 00:52:44'),
(18, 'Wireless Charger Stand', 39.99, 210, 'Fast wireless charging stand compatible with Qi devices', '2025-12-16 00:52:44'),
(19, 'Action Camera 4K', 199.99, 33, 'Waterproof action camera with 4K video and image stabilization', '2025-12-16 00:52:44'),
(20, 'Ergonomic Keyboard Wrist Rest', 19.99, 146, 'Memory foam wrist rest for ergonomic keyboard support', '2025-12-16 00:52:44'),
(21, 'Smartphone Screen Protector', 12.99, 298, 'Tempered glass screen protector with anti-scratch coating', '2025-12-16 00:52:44'),
(22, 'HDMI Cable 6ft', 9.99, 412, 'High-speed HDMI cable supporting 4K resolution and HDR', '2025-12-16 00:52:44'),
(23, 'Laptop Sleeve 15.6\"', 24.99, 135, 'Water-resistant laptop sleeve with padded interior', '2025-12-16 00:52:44'),
(24, 'USB Flash Drive 128GB', 29.99, 256, 'High-speed USB 3.0 flash drive with durable metal casing', '2025-12-16 00:52:44'),
(25, 'Wireless Earbuds', 59.99, 198, 'True wireless earbuds with charging case and touch controls', '2025-12-16 00:52:44'),
(26, 'Monitor Mount Arm', 79.99, 67, 'Adjustable monitor mount arm for single or dual monitors', '2025-12-16 00:52:44'),
(27, 'Gaming Keyboard and Mouse Combo', 89.99, 123, 'RGB backlit gaming keyboard and mouse combo set', '2025-12-16 00:52:44'),
(28, 'Smartphone Car Mount', 19.99, 345, 'Universal car mount holder for smartphones with 360-degree rotation', '2025-12-16 00:52:44'),
(29, ' Laptop Docking Station', 149.99, 42, 'Multi-port laptop docking station with dual monitor support', '2025-12-16 00:52:44'),
(30, 'Gaming Laptop 15\"', 1299.99, 87, 'High-performance gaming laptop with RTX 4070, 32GB RAM, and 1TB SSD', '2025-12-16 00:52:44'),
(31, 'Noise Cancelling Headphones Pro', 299.99, 142, 'Premium over-ear headphones with adaptive noise cancellation and 30-hour battery', '2025-12-16 00:52:44'),
(32, 'Smart Fitness Band', 79.99, 256, 'Water-resistant fitness tracker with heart rate monitor and sleep tracking', '2025-12-16 00:52:44'),
(33, 'Wireless Earbuds Sport', 119.99, 198, 'Sweat-proof wireless earbuds with secure fit and 8-hour battery life', '2025-12-16 00:52:44'),
(34, '4K Ultra HD TV 55\"', 649.99, 54, 'Smart TV with HDR10+, streaming apps, and voice remote', '2025-12-16 00:52:44'),
(35, 'Electric Kettle Smart', 59.99, 121, 'Temperature-controlled smart kettle with app connectivity', '2025-12-16 00:52:44'),
(36, 'Portable Projector', 279.99, 78, 'Compact HD projector with built-in speakers and streaming capabilities', '2025-12-16 00:52:44'),
(37, 'Ergonomic Vertical Mouse', 49.99, 165, 'Vertical ergonomic mouse to reduce wrist strain and improve posture', '2025-12-16 00:52:44'),
(38, 'Multi-Port Charging Station', 74.99, 189, '6-port charging station with fast charging for multiple devices', '2025-12-16 00:52:44'),
(39, 'Smart Light Bulbs 4-Pack', 44.99, 232, 'Color-changing smart bulbs compatible with voice assistants', '2025-12-16 00:52:44'),
(40, 'Air Fryer Digital', 89.99, 95, '5-quart digital air fryer with touch controls and preset cooking modes', '2025-12-16 00:52:44'),
(41, 'Bluetooth Car Adapter', 29.99, 310, 'Wireless Bluetooth adapter for cars with hands-free calling', '2025-12-16 00:52:44'),
(42, 'Professional Microphone', 129.99, 67, 'USB condenser microphone for streaming, podcasting, and recording', '2025-12-16 00:52:44'),
(43, 'Adjustable Dumbbell Set', 349.99, 42, 'Space-saving adjustable dumbbells from 5-50 lbs per dumbbell', '2025-12-16 00:52:44'),
(44, 'Electric Toothbrush', 89.99, 178, 'Sonic electric toothbrush with multiple modes and smart timer', '2025-12-16 00:52:44'),
(45, 'Laptop Backpack', 64.99, 134, 'Water-resistant laptop backpack with charging port and organizer pockets', '2025-12-16 00:52:44'),
(46, 'Smart Scale', 49.99, 89, 'Wi-Fi connected body composition scale with app tracking', '2025-12-16 00:52:44'),
(47, 'Cordless Drill Kit', 129.99, 56, '20V cordless drill and driver kit with 2 batteries and carrying case', '2025-12-16 00:52:44'),
(48, 'Indoor Security Camera', 99.99, 156, '1080p indoor security camera with motion detection and night vision', '2025-12-16 00:52:44'),
(49, 'Wireless Presenter', 39.99, 72, 'Professional wireless presenter with laser pointer and slide control', '2025-12-16 00:52:44'),
(50, 'Compact Blender', 49.99, 112, 'Personal-sized blender for smoothies and shakes with travel lid', '2025-12-16 00:52:44'),
(51, 'Reading E-Reader', 139.99, 88, '6-inch e-reader with adjustable warm light and weeks of battery life', '2025-12-16 00:52:44'),
(52, 'Yoga Mat Premium', 34.99, 201, 'Non-slip yoga mat with alignment lines and carrying strap', '2025-12-16 00:52:44'),
(53, 'Coffee Maker Programmable', 79.99, 143, '12-cup programmable coffee maker with thermal carafe', '2025-12-16 00:52:44'),
(54, 'Fitness Smart Jump Rope', 49.99, 91, 'Smart jump rope with app tracking for workouts and calorie counting', '2025-12-16 00:52:44'),
(55, 'Phone Gimbal Stabilizer', 99.99, 67, '3-axis smartphone gimbal for smooth video recording', '2025-12-16 00:52:44'),
(56, 'Portable Power Station', 299.99, 45, '300W portable power station for camping and emergencies', '2025-12-16 00:52:44'),
(57, 'Heated Blanket Queen', 69.99, 124, 'Machine washable heated blanket with multiple heat settings', '2025-12-16 00:52:44'),
(58, 'Gaming Chair Pro', 349.99, 38, 'Ergonomic gaming chair with lumbar support and adjustable armrests', '2025-12-16 00:52:44'),
(59, 'Waterproof Bluetooth Shower Speaker', 34.99, 267, 'Suction cup shower speaker with 8-hour battery life', '2025-12-16 00:52:44'),
(60, 'Digital Meat Thermometer', 29.99, 89, 'Wireless digital meat thermometer with smartphone app', '2025-12-16 00:52:44'),
(61, 'Car Vacuum Cleaner', 59.99, 112, 'Portable car vacuum with multiple attachments and LED light', '2025-12-16 00:52:44'),
(62, 'Resistance Band Set', 24.99, 189, '5-piece resistance band set for home workouts and strength training', '2025-12-16 00:52:44'),
(63, 'Aromatherapy Diffuser', 39.99, 156, 'Ultrasonic essential oil diffuser with color changing lights', '2025-12-16 00:52:44'),
(64, 'Gaming Mouse Pad XL', 29.99, 234, 'Extra-large gaming mouse pad with waterproof surface and stitched edges', '2025-12-16 00:52:44'),
(65, 'Insulated Tumbler 30oz', 34.99, 278, 'Double-wall insulated tumbler with straw lid and non-slip base', '2025-12-16 00:52:44'),
(66, 'Phone Tripod Mount', 19.99, 321, 'Adjustable phone tripod with Bluetooth remote for photos and videos', '2025-12-16 00:52:44'),
(67, 'Electric Back Massager', 79.99, 76, 'Shiatsu back massager with heat function for neck and shoulders', '2025-12-16 00:52:44'),
(68, 'Digital Drawing Tablet', 89.99, 54, '10-inch drawing tablet with pressure-sensitive pen for digital art', '2025-12-16 00:52:44'),
(69, 'Bike Phone Mount', 24.99, 145, 'Secure universal bike phone mount with 360-degree rotation', '2025-12-16 00:52:44'),
(70, 'UV Phone Sanitizer', 49.99, 98, 'UV-C light phone sanitizer with wireless charging capability', '2025-12-16 00:52:44'),
(71, 'Adjustable Laptop Table', 89.99, 67, 'Bedside laptop table with adjustable height and cooling fan', '2025-12-16 00:52:44'),
(72, 'Smart Plant Monitor', 39.99, 56, 'Smart sensor that monitors plant soil moisture, light, and temperature', '2025-12-16 00:52:44'),
(73, 'Car Jump Starter', 129.99, 43, 'Portable car jump starter with air compressor and power bank features', '2025-12-16 00:52:44'),
(74, 'Reusable Silicone Food Bags', 19.99, 187, 'Eco-friendly silicone food storage bags in multiple sizes', '2025-12-16 00:52:44'),
(75, 'Posture Corrector', 29.99, 132, 'Adjustable posture corrector for back pain relief and alignment', '2025-12-16 00:52:44'),
(76, 'Magnetic Phone Car Mount', 21.99, 289, 'Strong magnetic car phone mount with 360-degree rotation', '2025-12-16 00:52:44'),
(77, 'Collapsible Water Bottle', 17.99, 156, 'BPA-free collapsible water bottle for travel and outdoor activities', '2025-12-16 00:52:44'),
(78, 'Phone Camera Lens Kit', 45.99, 87, 'Clip-on phone camera lens kit with wide angle, macro, and fisheye lenses', '2025-12-16 00:52:44'),
(79, 'Electric Nail File Kit', 34.99, 123, 'Professional electric nail file with multiple attachments and speeds', '2025-12-16 00:52:44'),
(80, 'Sleep Mask with Bluetooth', 49.99, 94, 'Bluetooth sleep mask with built-in speakers for bedtime listening', '2025-12-16 00:52:44'),
(81, 'Portable Espresso Maker', 89.99, 65, 'Manual portable espresso maker for camping and travel', '2025-12-16 00:52:44'),
(82, 'Smart Door Lock', 199.99, 52, 'Keyless smart door lock with fingerprint and code entry', '2025-12-16 00:52:44'),
(83, 'Himalayan Salt Lamp', 28.99, 176, 'Natural Himalayan salt lamp with dimmer switch and wooden base', '2025-12-16 00:52:44'),
(84, 'Water Flosser Electric', 69.99, 87, 'Cordless water flosser with multiple pressure settings and tips', '2025-12-16 00:52:44'),
(85, 'Folding Laptop Stand', 39.99, 134, 'Portable aluminum folding laptop stand for travel and work', '2025-12-16 00:52:44'),
(86, 'Car Seat Gap Filler', 14.99, 201, 'Organizer that prevents items from falling between car seats', '2025-12-16 00:52:44'),
(87, 'Memory Foam Seat Cushion', 44.99, 145, 'Orthopedic memory foam seat cushion for office and car use', '2025-12-16 00:52:44'),
(88, 'UV Sunglasses Aviator', 22.99, 278, 'Polarized UV protection sunglasses with multiple color options', '2025-12-16 00:52:44'),
(89, 'Cord Organizer Box', 32.99, 89, 'Decorative cord organizer box to hide power strips and cables', '2025-12-16 00:52:44'),
(90, 'Keyboard Cleaning Gel', 12.99, 312, 'Reusable cleaning gel for keyboards and electronics', '2025-12-16 00:52:44'),
(91, 'Gaming Controller Charger', 29.99, 167, 'Dual charging station for gaming controllers with LED indicators', '2025-12-16 00:52:44'),
(92, 'Waterproof Phone Pouch', 16.99, 189, 'Transparent waterproof phone pouch for swimming and beach activities', '2025-12-16 00:52:44'),
(93, 'Smart Pet Feeder', 129.99, 56, 'Automatic pet feeder with portion control and scheduling app', '2025-12-16 00:52:44'),
(94, 'LED Strip Lights 16.4ft', 24.99, 287, 'Color-changing LED strip lights with remote control and app', '2025-12-16 00:52:44'),
(95, 'Neck Fan Portable', 39.99, 112, 'Hands-free neck fan with 3 speed settings and quiet operation', '2025-12-16 00:52:44'),
(96, 'Electric Can Opener', 29.99, 78, 'Automatic electric can opener with smooth edge technology', '2025-12-16 00:52:44'),
(97, 'Camping Hammock Double', 49.99, 95, 'Portable camping hammock with tree straps and carrying bag', '2025-12-16 00:52:44'),
(98, 'Facial Steamer Nano', 45.99, 67, 'Portable nano ionic facial steamer for skincare routine', '2025-12-16 00:52:44'),
(99, 'Shoe Dryer Boot', 69.99, 54, 'Electric shoe dryer and deodorizer for boots and shoes', '2025-12-16 00:52:44'),
(100, 'Digital Luggage Scale', 24.99, 123, 'Portable digital luggage scale with backlit LCD display', '2025-12-16 00:52:44'),
(101, 'Mini Waffle Maker', 29.99, 145, 'Single serve mini waffle maker for quick breakfasts', '2025-12-16 00:52:44'),
(102, 'Car Windshield Sun Shade', 21.99, 187, 'Custom-fit windshield sun shade with storage bag', '2025-12-16 00:52:44'),
(103, 'Rechargeable Hand Warmer', 34.99, 132, 'Dual-purpose hand warmer and power bank with 3 heat settings', '2025-12-16 00:52:44'),
(104, 'Spice Jar Organizer Set', 39.99, 98, 'Magnetic spice jar set with labels and organizing rack', '2025-12-16 00:52:44'),
(105, 'Telescoping Back Scratcher', 14.99, 176, 'Extendable back scratcher with multiple scratching surfaces', '2025-12-16 00:52:44'),
(106, 'Golf Swing Trainer', 89.99, 45, 'Smart golf swing analyzer with real-time feedback', '2025-12-16 00:52:44'),
(107, 'Aquarium Automatic Feeder', 35.99, 67, 'Programmable fish feeder for vacation and daily use', '2025-12-16 00:52:44'),
(108, 'Ice Roller for Face', 24.99, 189, 'Reusable ice roller for reducing puffiness and facial massage', '2025-12-16 00:52:44'),
(109, 'Portable White Noise Machine', 42.99, 112, 'Travel white noise machine with multiple soothing sounds', '2025-12-16 00:52:44'),
(110, 'Herb Garden Indoor Kit', 34.99, 145, 'Indoor hydroponic herb garden with LED grow lights', '2025-12-16 00:52:44'),
(111, 'Posture Correction Brace', 39.99, 134, 'Adjustable upper back posture corrector with breathable material', '2025-12-16 00:52:44'),
(112, 'Electric Wine Opener', 34.99, 98, 'Rechargeable electric wine opener with foil cutter', '2025-12-16 00:52:44'),
(113, 'Laptop Privacy Screen Filter', 64.99, 76, 'Anti-glare privacy filter for laptop screens', '2025-12-16 00:52:44'),
(114, 'Adjustable Pillow Stand', 49.99, 89, 'Adjustable pillow stand for reading and tablet use in bed', '2025-12-16 00:52:44'),
(115, 'Car Emergency Kit', 59.99, 67, 'Comprehensive car emergency kit with first aid and tools', '2025-12-16 00:52:44'),
(116, 'Digital Recipe Book Stand', 29.99, 123, 'Adjustable recipe book stand with tablet holder and page clips', '2025-12-16 00:52:44'),
(117, 'Ergonomic Office Chair', 289.99, 75, 'Adjustable lumbar support office chair with breathable mesh back', '2025-12-16 00:52:44'),
(118, 'Noise Cancelling Earbuds', 149.99, 220, 'True wireless earbuds with active noise cancellation and 24-hour battery', '2025-12-16 00:52:44'),
(119, '4K Action Camera', 329.99, 65, 'Waterproof action camera with 4K/60fps video and image stabilization', '2025-12-16 00:52:44'),
(120, 'Electric Standing Desk', 449.99, 42, 'Height adjustable electric standing desk with memory presets', '2025-12-16 00:52:44'),
(121, 'Smart Home Hub', 89.99, 178, 'Central controller for smart home devices with voice assistant support', '2025-12-16 00:52:44'),
(122, 'Ultrawide Monitor 34\"', 699.99, 38, '34-inch curved ultrawide monitor with 1440p resolution and 120Hz refresh', '2025-12-16 00:52:44'),
(123, 'Gaming Headset', 129.99, 195, '7.1 surround sound gaming headset with retractable microphone', '2025-12-16 00:52:44'),
(124, 'Wireless Charging Pad', 29.99, 310, 'Fast wireless charger compatible with Qi-enabled devices', '2025-12-16 00:52:44'),
(125, 'External Battery Pack', 49.99, 128, '20000mAh power bank with USB-C PD and quick charge support', '2025-12-16 00:52:44'),
(126, 'Document Scanner', 179.99, 56, 'Automatic document feeder scanner with OCR software included', '2025-12-16 00:52:44'),
(127, 'Dash Cam Front/Rear', 199.99, 84, 'Dual channel dash cam with parking mode and GPS logging', '2025-12-16 00:52:44'),
(128, 'Air Purifier', 159.99, 47, 'HEPA air purifier with smart sensors for home or office use', '2025-12-16 00:52:44'),
(129, 'Smart Doorbell', 249.99, 92, 'Video doorbell with motion detection and two-way audio', '2025-12-16 00:52:44'),
(130, 'Robot Vacuum', 449.99, 67, 'Smart mapping robot vacuum with self-emptying base station', '2025-12-16 00:52:44'),
(131, 'Smart Thermostat', 199.99, 54, 'WiFi-enabled smart thermostat with energy-saving features and app control', '2025-12-16 00:52:44'),
(132, '3D Printer', 499.99, 22, 'Desktop 3D printer with auto-leveling and silent stepper motors', '2025-12-16 00:52:44'),
(133, 'Wireless Security Camera', 129.99, 87, 'Outdoor wireless security camera with night vision and cloud storage', '2025-12-16 00:52:44'),
(134, 'Electric Toothbrush', 59.99, 134, 'Rechargeable electric toothbrush with multiple cleaning modes', '2025-12-16 00:52:44'),
(135, 'Fitness Tracker', 79.99, 201, 'Slim fitness tracker with heart rate and sleep monitoring', '2025-12-16 00:52:44'),
(136, 'Portable Projector', 299.99, 33, 'Mini portable projector with HDMI and built-in speakers', '2025-12-16 00:52:44'),
(137, 'Smart Light Bulb', 24.99, 145, 'Color-changing LED smart bulb with voice control', '2025-12-16 00:52:44'),
(138, 'Noise Meter', 39.99, 18, 'Digital sound level meter for home and professional use', '2025-12-16 00:52:44'),
(139, 'Electric Kettle', 49.99, 76, 'Stainless steel electric kettle with temperature presets', '2025-12-16 00:52:44'),
(140, 'Wireless Router', 159.99, 112, 'Dual-band WiFi 6 router with parental controls and guest network', '2025-12-16 00:52:44');

-- --------------------------------------------------------

--
-- Tabelstructuur voor tabel `product_reviews`
--

CREATE TABLE `product_reviews` (
  `id` int(11) NOT NULL,
  `product_id` int(11) NOT NULL,
  `user_id` int(11) DEFAULT NULL,
  `text` text NOT NULL,
  `score` int(11) NOT NULL CHECK (`score` >= 1 and `score` <= 5),
  `created_at` timestamp NOT NULL DEFAULT current_timestamp()
) ENGINE=InnoDB DEFAULT CHARSET=utf8mb4 COLLATE=utf8mb4_unicode_ci;

--
-- Gegevens worden geëxporteerd voor tabel `product_reviews`
--

INSERT INTO `product_reviews` (`id`, `product_id`, `user_id`, `text`, `score`, `created_at`) VALUES
(1, 1, 1, 'Amazing sound quality! Very comfortable for long listening sessions.', 5, '2025-12-16 00:52:44'),
(2, 1, 2, 'Good headphones but a bit pricey. Battery life is excellent though.', 4, '2025-12-16 00:52:44'),
(3, 1, 3, 'Best headphones I have ever owned. Worth every penny!', 5, '2025-12-16 00:52:44'),
(4, 1, 5, 'Noise cancellation is superb. Perfect for commuting!', 5, '2025-12-16 00:52:44'),
(5, 2, 2, 'Great smartwatch with accurate fitness tracking.', 5, '2025-12-16 00:52:44'),
(6, 2, 4, 'Good device but the battery could be better.', 3, '2025-12-16 00:52:44'),
(7, 2, 5, 'Love all the health features. Syncs perfectly with my phone.', 4, '2025-12-16 00:52:44'),
(8, 3, 1, 'Perfect height for my setup. Very sturdy and well-made.', 2, '2025-12-16 00:52:44'),
(9, 3, 5, 'Nice stand but wish it was adjustable.', 4, '2025-12-16 00:52:44'),
(10, 3, 2, 'Great build quality. Really helps with my neck pain.', 5, '2025-12-16 00:52:44'),
(11, 4, 3, 'Essential hub for my laptop. All ports work flawlessly.', 5, '2025-12-16 00:52:44'),
(12, 4, 1, 'Good quality hub, no issues so far.', 4, '2025-12-16 00:52:44'),
(13, 4, 4, 'Works great but gets a bit warm during heavy use.', 4, '2025-12-16 00:52:44'),
(14, 5, 4, 'Love the feel of mechanical keys. RGB lighting is beautiful.', 1, '2025-12-16 00:52:44'),
(15, 5, 2, 'Great keyboard but quite loud. Not ideal for shared spaces.', 1, '2025-12-16 00:52:44'),
(16, 5, 3, 'Amazing typing experience. Very responsive switches.', 5, '2025-12-16 00:52:44'),
(17, 5, 1, 'Best keyboard for gaming and coding. Highly recommend!', 5, '2025-12-16 00:52:44'),
(18, 6, 5, 'Super fast transfer speeds. Very portable and durable.', 5, '2025-12-16 00:52:44'),
(19, 6, 2, 'Excellent SSD. Perfect for video editing on the go.', 5, '2025-12-16 00:52:44'),
(20, 7, 3, 'Clear video quality and easy to set up.', 4, '2025-12-16 00:52:44'),
(21, 7, 1, 'Works well for video calls. Good value for money.', 4, '2025-12-16 00:52:44'),
(22, 7, 5, 'Sharp image quality. Autofocus works perfectly.', 5, '2025-12-16 00:52:44'),
(23, 8, 2, 'Protects my phone well and looks great!', 5, '2025-12-16 00:52:44'),
(24, 8, 4, 'Decent case but kickstand feels a bit flimsy.', 3, '2025-12-16 00:52:44'),
(25, 9, 5, 'Amazing sound for its size. Perfect for outdoor use.', 5, '2025-12-16 00:52:44'),
(26, 9, 3, 'Good speaker but not as loud as I expected.', 4, '2025-12-16 00:52:44'),
(27, 9, 1, 'Waterproof feature is great. Takes it to the beach all the time!', 5, '2025-12-16 00:52:44'),
(28, 9, 2, 'Clear sound and deep bass. Battery life is impressive.', 4, '2025-12-16 00:52:44'),
(29, 10, 1, 'Very comfortable mouse, works on any surface.', 5, '2025-12-16 00:52:44'),
(30, 10, 4, 'Good mouse for the price. Battery lasts a long time.', 4, '2025-12-16 00:52:44'),
(31, 10, 3, 'Ergonomic design prevents wrist strain. Love it!', 5, '2025-12-16 00:52:44'),
(32, 75, 12, 'Perfect for travel! Folds down incredibly small and lightweight.', 5, '2025-12-16 00:52:44'),
(33, 75, 28, 'Sturdy construction, works on any surface. Great value!', 5, '2025-12-16 00:52:44'),
(34, 76, 45, 'Strong suction, phone stays in place even on bumpy roads.', 5, '2025-12-16 00:52:44'),
(35, 76, 9, '360 rotation is smooth and holds position well.', 5, '2025-12-16 00:52:44'),
(36, 77, 33, 'Phone feels truly clean after sanitizing cycle. Love the wireless charging feature!', 5, '2025-12-16 00:52:44'),
(37, 77, 57, 'Quick and effective. Easy to use daily.', 4, '2025-12-16 00:52:44'),
(38, 78, 21, 'Perfect height adjustment for working in bed. The fan is surprisingly quiet.', 4, '2025-12-16 00:52:44'),
(39, 78, 64, 'Sturdy construction, doesn\'t wobble even with my heavy gaming laptop.', 5, '2025-12-16 00:52:44'),
(40, 79, 5, 'Saved my houseplants from overwatering! Accurate moisture readings.', 5, '2025-12-16 00:52:44'),
(41, 79, 41, 'App notifications are timely. Easy setup with Bluetooth.', 1, '2025-12-16 00:52:44'),
(42, 80, 18, 'Started my dead car battery in seconds. Lifesaver on road trips.', 5, '2025-12-16 00:52:44'),
(43, 80, 52, 'The air compressor works well for topping up tires. Multi-functional device.', 4, '2025-12-16 00:52:44'),
(44, 81, 25, 'Eco-friendly and durable. Dishwasher safe is a huge plus.', 2, '2025-12-16 00:52:44'),
(45, 81, 37, 'Good seal keeps vegetables fresh longer. Multiple sizes are convenient.', 5, '2025-12-16 00:52:44'),
(46, 82, 60, 'Helped correct my slouching habit. Adjustable straps make it comfortable.', 4, '2025-12-16 00:52:44'),
(47, 82, 14, 'Noticeable improvement in back pain after wearing it during work.', 5, '2025-12-16 00:52:44'),
(48, 83, 49, 'Holds phone securely even on rough terrain. Magnetic mount is strong.', 5, '2025-12-16 00:52:44'),
(49, 83, 3, 'One-handed operation is smooth. Rotation allows perfect viewing angle.', 3, '2025-12-16 00:52:44'),
(50, 84, 31, 'Folds to pocket-size! No leaks after months of daily use.', 5, '2025-12-16 00:52:44'),
(51, 84, 8, 'Perfect for hiking and gym. Lightweight and durable.', 5, '2025-12-16 00:52:44'),
(52, 85, 22, 'Wide angle lens captures beautiful landscapes. Macro lens is surprisingly sharp.', 5, '2025-12-16 00:52:44'),
(53, 85, 46, 'Easy to clip on and off. Protective case keeps lenses safe.', 4, '2025-12-16 00:52:44'),
(54, 86, 11, 'Professional results at home. Multiple speed settings for different nail types.', 5, '2025-12-16 00:52:44'),
(55, 86, 59, 'Quiet operation, battery lasts through multiple uses.', 5, '2025-12-16 00:52:44'),
(56, 87, 34, 'Stays on most of the night. Sound quality is decent for sleep sounds.', 3, '2025-12-16 00:52:44'),
(57, 87, 7, 'Bluetooth connection is stable. Helps me fall asleep with white noise.', 4, '2025-12-16 00:52:44'),
(58, 88, 50, 'Makes surprisingly good espresso without electricity! Perfect for camping.', 5, '2025-12-16 00:52:44'),
(59, 88, 16, 'Learning curve to get the grind right, but worth it for portable espresso.', 4, '2025-12-16 00:52:44'),
(60, 89, 27, 'Installation took 30 minutes. Fingerprint recognition is fast and accurate.', 5, '2025-12-16 00:52:44'),
(61, 89, 43, 'Temporary codes for guests work perfectly. App is user-friendly.', 5, '2025-12-16 00:52:44'),
(62, 90, 6, 'Creates a warm, cozy atmosphere. Dimmer allows perfect brightness control.', 5, '2025-12-16 00:52:44'),
(63, 90, 39, 'Natural salt lamp, beautiful glow. Well-made with wooden base.', 5, '2025-12-16 00:52:44'),
(64, 91, 20, 'More effective than traditional floss for me. Multiple pressure settings help.', 5, '2025-12-16 00:52:44'),
(65, 91, 55, 'Cordless design is convenient. Easy to fill and clean.', 4, '2025-12-16 00:52:44'),
(66, 92, 13, 'Folds completely flat for travel. Sturdy enough for my 15\" laptop.', 5, '2025-12-16 00:52:44'),
(67, 92, 48, 'Angle adjustment is smooth. The cooling fan helps on hot days.', 4, '2025-12-16 00:52:44'),
(68, 93, 29, 'Prevents my phone from disappearing between seats! Easy to install.', 5, '2025-12-16 00:52:44'),
(69, 93, 62, 'Also provides extra storage for small items. Very practical.', 5, '2025-12-16 00:52:44'),
(70, 94, 2, 'Relieves pressure during long commutes. Memory foam is comfortable.', 5, '2025-12-16 00:52:44'),
(71, 94, 35, 'Non-slip bottom keeps it in place. Washable cover is convenient.', 5, '2025-12-16 00:52:44'),
(72, 95, 24, 'Polarized lenses work great for driving. Multiple color options are nice.', 5, '2025-12-16 00:52:44'),
(73, 95, 58, 'Good UV protection. Comfortable to wear for extended periods.', 4, '2025-12-16 00:52:44'),
(74, 96, 10, 'Hides all my cables neatly! Looks clean and organized.', 5, '2025-12-16 00:52:44'),
(75, 96, 53, 'Easy to access outlets when needed. Ventilation is good.', 5, '2025-12-16 00:52:44'),
(76, 97, 40, 'Fun to use and cleans keyboards effectively. Reusable many times.', 5, '2025-12-16 00:52:44'),
(77, 97, 17, 'Gets into tight spaces between keys. Satisfying to use.', 5, '2025-12-16 00:52:44'),
(78, 98, 63, 'Charges both controllers simultaneously. LED indicators are helpful.', 5, '2025-12-16 00:52:44'),
(79, 98, 26, 'No more searching for charging cables. Dock is stable.', 5, '2025-12-16 00:52:44'),
(80, 99, 4, 'Perfect for beach vacations! Phone stays completely dry.', 5, '2025-12-16 00:52:44'),
(81, 99, 47, 'Touchscreen works through the pouch. Great for pool photos.', 4, '2025-12-16 00:52:44'),
(82, 100, 32, 'Feeds my cats perfectly while I\'m away. App scheduling works reliably.', 5, '2025-12-16 00:52:44'),
(83, 100, 15, 'Portion control is accurate. Cats adapted to it quickly.', 5, '2025-12-16 00:52:44'),
(84, 101, 1, 'LED strips are bright and colors are vibrant. Remote control works well.', 5, '2025-12-16 00:52:44'),
(85, 101, 44, 'Easy to cut to length. Adhesive backing sticks well to surfaces.', 4, '2025-12-16 00:52:44'),
(86, 102, 19, 'Hands-free cooling is amazing for summer walks. Quiet operation.', 5, '2025-12-16 00:52:44'),
(87, 102, 56, 'Three speed settings are sufficient. Battery lasts as advertised.', 5, '2025-12-16 00:52:44'),
(88, 103, 9, 'Opens cans smoothly every time. No sharp edges left.', 3, '2025-12-16 00:52:44'),
(89, 103, 38, 'Easy to clean. Compact design stores easily.', 4, '2025-12-16 00:52:44'),
(90, 104, 23, 'Perfect for camping trips! Comfortable and easy to set up.', 5, '2025-12-16 00:52:44'),
(91, 104, 61, 'Tree straps are strong and don\'t damage bark. Carrying bag is durable.', 5, '2025-12-16 00:52:44'),
(92, 105, 30, 'Steam is fine and consistent. Helps with deep cleansing.', 4, '2025-12-16 00:52:44'),
(93, 105, 12, 'Portable size is great for travel. Two steam settings are enough.', 5, '2025-12-16 00:52:44'),
(94, 106, 54, 'Dries wet shoes overnight! Deodorizer function works well.', 5, '2025-12-16 00:52:44'),
(95, 106, 7, 'Works for boots and regular shoes. Timer function is useful.', 5, '2025-12-16 00:52:44'),
(96, 107, 42, 'Accurate weight readings. Backlit display helps in dim light.', 5, '2025-12-16 00:52:44'),
(97, 107, 25, 'Compact for travel. Easy to use with one hand.', 4, '2025-12-16 00:52:44'),
(98, 108, 65, 'Perfect single-serving waffles! Heats up quickly.', 5, '2025-12-16 00:52:44'),
(99, 108, 18, 'Non-stick surface works well. Easy to clean.', 5, '2025-12-16 00:52:44'),
(100, 109, 51, 'Fits my car windshield perfectly. Reflects heat effectively.', 5, '2025-12-16 00:52:44'),
(101, 109, 34, 'Folds compactly into storage bag. Easy to put up and take down.', 5, '2025-12-16 00:52:44'),
(102, 110, 14, 'Works as both hand warmer and power bank! Smart dual function.', 5, '2025-12-16 00:52:44'),
(103, 110, 47, 'Three heat settings are perfect for different weather conditions.', 5, '2025-12-16 00:52:44'),
(104, 111, 28, 'Magnetic jars stick securely to fridge. Labels are clear.', 5, '2025-12-16 00:52:44'),
(105, 111, 3, 'Organized my spice cabinet perfectly. Jars are uniform size.', 5, '2025-12-16 00:52:44'),
(106, 112, 60, 'Reaches those impossible itchy spots! Extends to good length.', 5, '2025-12-16 00:52:44'),
(107, 112, 21, 'Multiple scratching surfaces feel great. Compact storage.', 4, '2025-12-16 00:52:44'),
(108, 113, 36, 'Improves my swing with real-time feedback. App tracks progress well.', 5, '2025-12-16 00:52:44'),
(109, 113, 49, 'Accurate swing analysis. Easy to attach to any club.', 5, '2025-12-16 00:52:44'),
(110, 114, 5, 'Feeds my fish reliably while on vacation. Adjustable portion size.', 5, '2025-12-16 00:52:44'),
(111, 114, 52, 'Easy to program. Battery backup keeps settings during power outage.', 5, '2025-12-16 00:52:44'),
(112, 115, 11, 'Reduces morning puffiness effectively. Feels refreshing on skin.', 5, '2025-12-16 00:52:44'),
(113, 115, 64, 'Reusable and easy to clean. Stays cold long enough for full facial massage.', 4, '2025-12-16 00:52:44'),
(114, 116, 27, 'Helps my baby sleep through noise. Multiple sound options.', 5, '2025-12-16 00:52:44'),
(115, 116, 40, 'Portable for travel. Battery lasts all night.', 5, '2025-12-16 00:52:44'),
(116, 117, 8, 'Grows herbs successfully indoors! LED lights are energy efficient.', 5, '2025-12-16 00:52:44'),
(117, 117, 55, 'Fresh herbs year-round. Water level indicator is helpful.', 5, '2025-12-16 00:52:44'),
(118, 118, 31, 'Helps improve my posture at work. Breathable material is comfortable.', 4, '2025-12-16 00:52:44'),
(119, 118, 16, 'Adjustable straps provide custom fit. Noticeable difference in back alignment.', 5, '2025-12-16 00:52:44'),
(120, 119, 59, 'Opens wine bottles effortlessly. Rechargeable battery lasts long.', 5, '2025-12-16 00:52:44'),
(121, 119, 24, 'Foil cutter works smoothly. Fast charging via USB.', 5, '2025-12-16 00:52:44'),
(122, 120, 46, 'Privacy screen works as advertised. People can\'t see my screen from sides.', 5, '2025-12-16 00:52:44'),
(123, 120, 13, 'Anti-glare helps in bright offices. Easy to install and remove.', 4, '2025-12-16 00:52:44'),
(124, 121, 33, 'Perfect for reading in bed. Adjustable to multiple comfortable angles.', 5, '2025-12-16 00:52:44'),
(125, 121, 50, 'Holds tablet securely. Well-made and sturdy.', 5, '2025-12-16 00:52:44'),
(126, 122, 6, 'Comprehensive emergency kit for car. Hope to never need it but glad to have it.', 5, '2025-12-16 00:52:44'),
(127, 122, 43, 'Well-organized with quality tools. First aid supplies are complete.', 5, '2025-12-16 00:52:44'),
(128, 123, 29, 'Holds cookbook at perfect angle. Tablet holder is bonus feature.', 5, '2025-12-16 00:52:44'),
(129, 123, 62, 'Page clips work well. Adjustable height is useful.', 4, '2025-12-16 00:52:44'),
(130, 124, 17, 'Low latency is perfect for competitive gaming. Surround sound is immersive.', 5, '2025-12-16 00:52:44'),
(131, 124, 54, 'Comfortable for long sessions. Battery life exceeds advertised time.', 5, '2025-12-16 00:52:44'),
(132, 125, 2, 'Tracks my water intake accurately. Reminders help me stay hydrated.', 5, '2025-12-16 00:52:44'),
(133, 125, 39, 'Temperature display is accurate. Easy to clean.', 5, '2025-12-16 00:52:44'),
(134, 126, 22, 'Cools my small office effectively. Remote control works from across room.', 4, '2025-12-16 00:52:44'),
(135, 126, 57, 'Dehumidifier function works well in humid climates. Easy to drain tank.', 5, '2025-12-16 00:52:44'),
(136, 127, 10, 'Converts my regular desk perfectly. Memory presets save time.', 5, '2025-12-16 00:52:44'),
(137, 127, 35, 'Sturdy construction. Smooth height adjustment.', 5, '2025-12-16 00:52:44'),
(138, 128, 48, 'Immersive VR experience! Room-scale tracking works perfectly.', 5, '2025-12-16 00:52:44'),
(139, 128, 23, 'Controllers are intuitive. Graphics are stunning.', 5, '2025-12-16 00:52:44'),
(140, 129, 63, 'Discreet fitness tracking. Sleep monitoring is surprisingly accurate.', 5, '2025-12-16 00:52:44'),
(141, 129, 18, 'Battery lasts 5-6 days. Syncs well with health apps.', 5, '2025-12-16 00:52:44'),
(142, 130, 41, 'Powerful suction for pet hair. Multiple attachments handle all surfaces.', 5, '2025-12-16 00:52:44'),
(143, 130, 26, 'Easy to empty dust bin. Wall mount charging is convenient.', 5, '2025-12-16 00:52:44'),
(144, 131, 7, '25-mile range is accurate. Folds compactly for storage.', 5, '2025-12-16 00:52:44'),
(145, 131, 44, 'App shows battery status and tracks rides. Smooth acceleration.', 4, '2025-12-16 00:52:44'),
(146, 132, 15, 'Workout classes are high quality. Form feedback is helpful.', 5, '2025-12-16 00:52:44'),
(147, 132, 58, 'Looks like a regular mirror when off. Space-saving design.', 5, '2025-12-16 00:52:44'),
(148, 133, 30, 'Heats up quickly and maintains precise temperatures. Safety features are reassuring.', 5, '2025-12-16 00:52:44'),
(149, 133, 12, 'Energy efficient compared to gas stove. Easy to clean glass surface.', 5, '2025-12-16 00:52:44'),
(150, 134, 53, 'Blocks out snoring partner effectively! Comfortable for side sleeping.', 5, '2025-12-16 00:52:44'),
(151, 134, 20, 'White noise options help me fall asleep faster. Stays in ears well.', 4, '2025-12-16 00:52:44'),
(152, 135, 37, 'Perfect rice every time. Multiple cooking functions are useful.', 5, '2025-12-16 00:52:44'),
(153, 135, 4, 'Easy to clean inner pot. Pressure cooking is fast and efficient.', 5, '2025-12-16 00:52:44'),
(154, 136, 61, 'Customizable RGB lighting is beautiful. Mechanical switches feel great.', 5, '2025-12-16 00:52:44'),
(155, 136, 28, 'Macro keys help with productivity. Software is easy to use.', 5, '2025-12-16 00:52:44'),
(156, 137, 9, 'Second screen for my laptop on the go! Touchscreen is responsive.', 5, '2025-12-16 00:52:44'),
(157, 137, 46, 'USB-C provides both power and video. Bright enough for outdoor use.', 4, '2025-12-16 00:52:44'),
(158, 138, 19, 'Keyless entry is convenient. Fingerprint scanner is fast and accurate.', 5, '2025-12-16 00:52:44'),
(159, 138, 32, 'Auto-lock feature gives peace of mind. Installation was straightforward.', 5, '2025-12-16 00:52:44'),
(160, 139, 55, 'Smooth ride on various terrains. App control is intuitive.', 5, '2025-12-16 00:52:44'),
(161, 139, 14, '20-mile range is accurate even with hills. Fast charging.', 5, '2025-12-16 00:52:44'),
(162, 140, 49, 'Charges phone while providing large mouse surface. Non-slip bottom.', 5, '2025-12-16 00:52:44'),
(163, 140, 3, 'Stitched edges prevent fraying. Works with all wireless chargers.', 5, '2025-12-16 00:52:44'),
(164, 1, 12, 'Absolutely terrible! Stopped working after 2 weeks. Avoid!', 1, '2025-12-16 00:52:44'),
(165, 1, 23, 'Battery drains in 2 hours, not the advertised 20. False advertising.', 1, '2025-12-16 00:52:44'),
(166, 1, 34, 'Sound quality is mediocre at best. Overpriced.', 2, '2025-12-16 00:52:44'),
(167, 1, 45, 'Comfortable but sound leaks terribly. Everyone can hear my music.', 2, '2025-12-16 00:52:44'),
(168, 1, 56, 'Noise cancellation is non-existent. Can hear everything around me.', 1, '2025-12-16 00:52:44'),
(169, 1, 8, 'Great for the price! Better than expected.', 4, '2025-12-16 00:52:44'),
(170, 1, 19, 'Perfect for commuting. Blocks out subway noise completely.', 5, '2025-12-16 00:52:44'),
(171, 1, 30, 'Worth every penny. Best headphones under $100.', 5, '2025-12-16 00:52:44'),
(172, 1, 41, 'Good but not great. Expected better bass.', 3, '2025-12-16 00:52:44'),
(173, 1, 52, 'Broke after 3 months. Build quality is poor.', 1, '2025-12-16 00:52:44'),
(174, 1, 63, 'Excellent sound quality. Very comfortable for long sessions.', 5, '2025-12-16 00:52:44'),
(175, 1, 7, 'Charging port is loose. Difficult to charge now.', 2, '2025-12-16 00:52:44'),
(176, 1, 18, 'Good value for money. Does what it promises.', 4, '2025-12-16 00:52:44'),
(177, 1, 29, 'Microphone quality is terrible for calls.', 2, '2025-12-16 00:52:44'),
(178, 1, 40, 'Lightweight and comfortable. Perfect for workouts.', 5, '2025-12-16 00:52:44'),
(179, 1, 51, 'Connection drops frequently. Very frustrating.', 1, '2025-12-16 00:52:44'),
(180, 1, 62, 'Great product! Would buy again.', 5, '2025-12-16 00:52:44'),
(181, 1, 6, 'Average at best. Nothing special.', 3, '2025-12-16 00:52:44'),
(182, 1, 17, 'Ear cushions started peeling after 1 month.', 2, '2025-12-16 00:52:44'),
(183, 1, 28, 'Perfect for office use. Blocks out co-workers.', 5, '2025-12-16 00:52:44'),
(184, 1, 39, 'Bass is weak. Not for bass lovers.', 2, '2025-12-16 00:52:44'),
(185, 1, 50, 'Best purchase this year!', 5, '2025-12-16 00:52:44'),
(186, 2, 3, 'Battery lasts only 12 hours, not 24. Useless for sleep tracking.', 1, '2025-12-16 00:52:44'),
(187, 2, 14, 'Screen scratches easily. Needs a protector immediately.', 2, '2025-12-16 00:52:44'),
(188, 2, 25, 'Fitness tracking is inaccurate. Counts steps while driving.', 1, '2025-12-16 00:52:44'),
(189, 2, 36, 'Love it! Tracks my runs perfectly.', 5, '2025-12-16 00:52:44'),
(190, 2, 47, 'Water resistant claim is false. Died after getting caught in rain.', 1, '2025-12-16 00:52:44'),
(191, 2, 58, 'Good for basic notifications. Battery could be better.', 3, '2025-12-16 00:52:44'),
(192, 2, 9, 'Heart rate monitor is very accurate compared to chest strap.', 5, '2025-12-16 00:52:44'),
(193, 2, 20, 'GPS takes forever to lock. Annoying for runs.', 2, '2025-12-16 00:52:44'),
(194, 2, 31, 'Great smartwatch for the price!', 4, '2025-12-16 00:52:44'),
(195, 2, 42, 'App crashes constantly. Software needs work.', 1, '2025-12-16 00:52:44'),
(196, 2, 53, 'Comfortable to wear 24/7. Sleep tracking is useful.', 5, '2025-12-16 00:52:44'),
(197, 2, 64, 'Charging cable broke after 2 weeks. Cheap materials.', 1, '2025-12-16 00:52:44'),
(198, 2, 5, 'Does everything I need. Good value.', 4, '2025-12-16 00:52:44'),
(199, 2, 16, 'Screen is too dim in sunlight.', 2, '2025-12-16 00:52:44'),
(200, 2, 27, 'Perfect for tracking workouts and health metrics.', 5, '2025-12-16 00:52:44'),
(201, 2, 38, 'Syncing with phone is unreliable.', 2, '2025-12-16 00:52:44'),
(202, 2, 49, 'Best fitness tracker I have owned.', 5, '2025-12-16 00:52:44'),
(203, 2, 60, 'Overheats during charging. Concerned about safety.', 1, '2025-12-16 00:52:44'),
(204, 5, 11, 'Keys stopped working after 1 month. Quality control issues.', 1, '2025-12-16 00:52:44'),
(205, 5, 22, 'Too loud for office environment. Colleagues complained.', 2, '2025-12-16 00:52:44'),
(206, 5, 33, 'Best typing experience ever! Worth every dollar.', 5, '2025-12-16 00:52:44'),
(207, 5, 44, 'RGB lighting failed in half the keys after 2 weeks.', 1, '2025-12-16 00:52:44'),
(208, 5, 55, 'Perfect for gaming. Responsive and comfortable.', 5, '2025-12-16 00:52:44'),
(209, 5, 2, 'Software is buggy. Can\'t customize lighting properly.', 2, '2025-12-16 00:52:44'),
(210, 5, 13, 'Build quality is excellent. Very sturdy.', 5, '2025-12-16 00:52:44'),
(211, 5, 24, 'Cable is not detachable. Poor design choice.', 3, '2025-12-16 00:52:44'),
(212, 5, 35, 'Keys feel amazing. Love the tactile feedback.', 5, '2025-12-16 00:52:44'),
(213, 5, 46, 'Started double-typing letters after 3 months.', 1, '2025-12-16 00:52:44'),
(214, 5, 57, 'Great keyboard but too expensive.', 4, '2025-12-16 00:52:44'),
(215, 5, 4, 'Perfect for programming. Improves typing speed.', 5, '2025-12-16 00:52:44'),
(216, 5, 15, 'Spacebar rattles. Annoying sound.', 2, '2025-12-16 00:52:44'),
(217, 5, 26, 'Wrist rest is comfortable but collects dust.', 3, '2025-12-16 00:52:44'),
(218, 5, 37, 'Would buy again! Best keyboard under $150.', 5, '2025-12-16 00:52:44'),
(219, 8, 19, 'Phone broke despite using this case. Useless protection.', 1, '2025-12-16 00:52:44'),
(220, 8, 30, 'Kickstand broke first week. Flimsy construction.', 1, '2025-12-16 00:52:44'),
(221, 8, 41, 'Good protection. Survived multiple drops.', 5, '2025-12-16 00:52:44'),
(222, 8, 52, 'Adds too much bulk to phone.', 2, '2025-12-16 00:52:44'),
(223, 8, 63, 'Perfect case! Love the kickstand feature.', 5, '2025-12-16 00:52:44'),
(224, 8, 8, 'Buttons are hard to press through case.', 2, '2025-12-16 00:52:44'),
(225, 8, 29, 'Good value for money. Does the job.', 4, '2025-12-16 00:52:44'),
(226, 8, 50, 'Colors faded after 2 months.', 2, '2025-12-16 00:52:44'),
(227, 8, 7, 'Wireless charging works perfectly through case.', 5, '2025-12-16 00:52:44'),
(228, 8, 28, 'Camera cutout doesn\'t align properly.', 1, '2025-12-16 00:52:44'),
(229, 8, 49, 'Best case I have owned. Thin yet protective.', 5, '2025-12-16 00:52:44'),
(230, 8, 6, 'Average case. Nothing special.', 3, '2025-12-16 00:52:44'),
(231, 11, 21, 'Dead pixel right out of the box. Terrible quality control.', 1, '2025-12-16 00:52:44'),
(232, 11, 32, '144Hz is amazing for gaming. Smooth gameplay.', 5, '2025-12-16 00:52:44'),
(233, 11, 43, 'Backlight bleed is terrible. Very distracting in dark scenes.', 1, '2025-12-16 00:52:44'),
(234, 11, 54, 'Colors are vibrant. Great for both gaming and work.', 5, '2025-12-16 00:52:44'),
(235, 11, 1, 'Stand is wobbly. Monitor shakes when typing.', 2, '2025-12-16 00:52:44'),
(236, 11, 12, 'Worth every penny. Best monitor for gaming.', 5, '2025-12-16 00:52:44'),
(237, 11, 23, 'HDR is fake. Doesn\'t work properly.', 1, '2025-12-16 00:52:44'),
(238, 11, 34, 'Excellent monitor! 1440p looks crisp.', 5, '2025-12-16 00:52:44'),
(239, 11, 45, 'Screen developed a line after 4 months.', 1, '2025-12-16 00:52:44'),
(240, 11, 56, 'Good monitor but speakers are terrible.', 3, '2025-12-16 00:52:44'),
(241, 13, 10, 'Cable kit is incomplete. Missing crucial pieces.', 2, '2025-12-16 00:52:44'),
(242, 13, 31, 'Works as advertised. Keeps desk tidy.', 4, '2025-12-16 00:52:44'),
(243, 14, 42, 'Fans are loud and ineffective. Laptop still overheats.', 1, '2025-12-16 00:52:44'),
(244, 67, 5, 'Too complicated to set up. Returned it.', 2, '2025-12-16 00:52:44'),
(245, 89, 18, 'Works well. Good basic product.', 4, '2025-12-16 00:52:44'),
(246, 112, 27, 'Does the job. Nothing fancy.', 3, '2025-12-16 00:52:44'),
(247, 120, 39, 'Privacy filter makes screen too dark. Can\'t see anything.', 1, '2025-12-16 00:52:44'),
(248, 120, 50, 'Glare is worse with this filter. Useless.', 1, '2025-12-16 00:52:44'),
(249, 120, 61, 'Peels off easily. Doesn\'t stick properly.', 1, '2025-12-16 00:52:44'),
(250, 120, 8, 'Works but reduces screen quality significantly.', 2, '2025-12-16 00:52:44'),
(251, 132, 19, 'Car vacuum has weak suction. Can\'t pick up anything.', 1, '2025-12-16 00:52:44'),
(252, 132, 30, 'Battery lasts 5 minutes. Completely useless.', 1, '2025-12-16 00:52:44'),
(253, 132, 41, 'Cord is too short. Can\'t reach back seats.', 1, '2025-12-16 00:52:44'),
(254, 132, 52, 'Broke after 2 uses. Cheap plastic construction.', 1, '2025-12-16 00:52:44'),
(255, 97, 63, 'Cleaning gel falls apart. Makes bigger mess.', 1, '2025-12-16 00:52:44'),
(256, 97, 10, 'Doesn\'t pick up dust. Sticky residue left on keyboard.', 1, '2025-12-16 00:52:44'),
(257, 97, 21, 'Works once then loses stickiness.', 1, '2025-12-16 00:52:44'),
(258, 127, 32, 'Best standing desk converter! Smooth adjustment.', 5, '2025-12-16 00:52:44'),
(259, 127, 43, 'Ergonomic game changer. No more back pain.', 5, '2025-12-16 00:52:44'),
(260, 127, 54, 'Sturdy construction. Holds dual monitors securely.', 5, '2025-12-16 00:52:44'),
(261, 127, 1, 'Memory presets work perfectly. Great for shared desks.', 5, '2025-12-16 00:52:44'),
(262, 127, 12, 'Worth the investment for home office.', 5, '2025-12-16 00:52:44'),
(263, 127, 23, 'Easy to assemble. Instructions were clear.', 5, '2025-12-16 00:52:44'),
(264, 127, 34, 'Perfect height range for tall and short users.', 5, '2025-12-16 00:52:44'),
(265, 127, 45, 'Quiet motor. Doesn\'t disturb during calls.', 5, '2025-12-16 00:52:44'),
(266, 127, 56, 'Best purchase for WFH setup.', 5, '2025-12-16 00:52:44'),
(267, 136, 7, 'Mechanical keyboard is perfect for typing.', 5, '2025-12-16 00:52:44'),
(268, 136, 18, 'RGB lighting is beautiful. Customization is endless.', 5, '2025-12-16 00:52:44'),
(269, 136, 29, 'Build quality is premium. Worth the price.', 5, '2025-12-16 00:52:44'),
(270, 136, 40, 'Best keyboard I have ever used.', 5, '2025-12-16 00:52:44'),
(271, 136, 51, 'Improved my typing speed and accuracy.', 5, '2025-12-16 00:52:44'),
(272, 136, 62, 'Perfect for both work and gaming.', 5, '2025-12-16 00:52:44'),
(273, 3, 13, 'Good laptop stand but could be more adjustable.', 3, '2025-12-16 00:52:44'),
(274, 3, 24, 'Sturdy aluminum. Does the job.', 4, '2025-12-16 00:52:44'),
(275, 3, 35, 'Helps with neck strain. Good value.', 4, '2025-12-16 00:52:44'),
(276, 3, 46, 'Lightweight and portable.', 4, '2025-12-16 00:52:44'),
(277, 3, 57, 'Rubber feet prevent sliding.', 4, '2025-12-16 00:52:44'),
(278, 4, 4, 'USB-C hub works well with my MacBook.', 4, '2025-12-16 00:52:44'),
(279, 4, 15, 'All ports work as expected.', 4, '2025-12-16 00:52:44'),
(280, 4, 26, 'Gets warm during extended use but still functional.', 3, '2025-12-16 00:52:44'),
(281, 4, 37, 'Compact design. Good for travel.', 4, '2025-12-16 00:52:44'),
(282, 4, 48, 'SD card reader is slow but works.', 3, '2025-12-16 00:52:44'),
(283, 6, 59, 'Fast transfer speeds as advertised.', 5, '2025-12-16 00:52:44'),
(284, 6, 16, 'Reliable portable storage.', 5, '2025-12-16 00:52:44'),
(285, 6, 27, 'Durable metal casing.', 5, '2025-12-16 00:52:44'),
(286, 6, 38, 'Small and lightweight.', 5, '2025-12-16 00:52:44'),
(287, 6, 49, 'Perfect for backing up photos.', 5, '2025-12-16 00:52:44'),
(288, 7, 60, 'Good webcam for the price.', 4, '2025-12-16 00:52:44'),
(289, 7, 17, 'Auto-focus works well.', 4, '2025-12-16 00:52:44'),
(290, 7, 28, 'Microphone quality is average.', 3, '2025-12-16 00:52:44'),
(291, 7, 39, 'Plug and play. Easy setup.', 4, '2025-12-16 00:52:44'),
(292, 7, 50, 'Better than built-in laptop camera.', 4, '2025-12-16 00:52:44'),
(293, 9, 7, 'Waterproof feature works! Survived pool party.', 5, '2025-12-16 00:52:44'),
(294, 9, 18, 'Good sound quality for size.', 4, '2025-12-16 00:52:44'),
(295, 9, 29, 'Battery life is excellent.', 5, '2025-12-16 00:52:44'),
(296, 9, 40, 'Not very loud for outdoor parties.', 3, '2025-12-16 00:52:44'),
(297, 9, 51, 'Bluetooth range is good.', 4, '2025-12-16 00:52:44'),
(298, 10, 62, 'Comfortable wireless mouse.', 5, '2025-12-16 00:52:44'),
(299, 10, 9, 'Battery lasts months.', 5, '2025-12-16 00:52:44'),
(300, 10, 20, 'DPI adjustment is useful.', 4, '2025-12-16 00:52:44'),
(301, 10, 31, 'Works on glass surfaces.', 5, '2025-12-16 00:52:44'),
(302, 10, 42, 'Scroll wheel started squeaking after 6 months.', 2, '2025-12-16 00:52:44'),
(303, 12, 53, 'LED lamp flickers. Poor quality.', 1, '2025-12-16 00:52:44'),
(304, 12, 64, 'Touch controls are unresponsive.', 1, '2025-12-16 00:52:44'),
(305, 12, 11, 'USB charging port stopped working.', 1, '2025-12-16 00:52:44'),
(306, 15, 22, 'Office chair assembly took 3 hours. Missing parts.', 1, '2025-12-16 00:52:44'),
(307, 15, 33, 'Wheels don\'t roll smoothly on carpet.', 2, '2025-12-16 00:52:44'),
(308, 15, 44, 'Lumbar support is uncomfortable.', 2, '2025-12-16 00:52:44'),
(309, 22, 55, 'Wireless charger overheats phone dangerously.', 1, '2025-12-16 00:52:44'),
(310, 22, 2, 'Charging speed is slow.', 2, '2025-12-16 00:52:44'),
(311, 31, 13, 'Digital thermometer is inaccurate by 10 degrees.', 1, '2025-12-16 00:52:44'),
(312, 31, 24, 'App disconnects constantly.', 1, '2025-12-16 00:52:44'),
(313, 45, 35, 'Reusable bags leak. Not airtight.', 1, '2025-12-16 00:52:44'),
(314, 45, 46, 'Silicone picks up food odors.', 2, '2025-12-16 00:52:44'),
(315, 58, 57, 'Posture corrector is uncomfortable to wear.', 1, '2025-12-16 00:52:44'),
(316, 58, 4, 'Straps dig into shoulders.', 1, '2025-12-16 00:52:44'),
(317, 73, 15, 'Magnetic mount lost strength in cold weather.', 2, '2025-12-16 00:52:44'),
(318, 73, 26, 'Phone fell off while driving. Dangerous.', 1, '2025-12-16 00:52:44'),
(319, 86, 37, 'Nail file kit broke during first use.', 1, '2025-12-16 00:52:44'),
(320, 86, 48, 'Attachments don\'t stay secure.', 1, '2025-12-16 00:52:44'),
(321, 99, 59, 'Waterproof pouch leaked. Phone damaged.', 1, '2025-12-16 00:52:44'),
(322, 99, 16, 'Touchscreen doesn\'t work through pouch.', 2, '2025-12-16 00:52:44'),
(323, 105, 27, 'Facial steamer works well. Good mist output.', 4, '2025-12-16 00:52:44'),
(324, 116, 38, 'White noise machine helps baby sleep.', 5, '2025-12-16 00:52:44'),
(325, 128, 49, 'VR headset is incredible. Immersive experience.', 5, '2025-12-16 00:52:44'),
(326, 139, 60, 'Electric skateboard is fun but range is overestimated.', 3, '2025-12-16 00:52:44'),
(327, 21, 17, 'Gaming headset mic quality is poor.', 2, '2025-12-16 00:52:44'),
(328, 34, 28, 'Electric wine opener works smoothly.', 5, '2025-12-16 00:52:44'),
(329, 47, 39, 'Car jump starter saved me twice already.', 5, '2025-12-16 00:52:44'),
(330, 52, 50, 'Digital drawing tablet is great for beginners.', 4, '2025-12-16 00:52:44'),
(331, 68, 61, 'Smart light bulbs lose connection frequently.', 2, '2025-12-16 00:52:44'),
(332, 79, 8, 'Plant monitor is accurate and helpful.', 5, '2025-12-16 00:52:44'),
(333, 93, 29, 'Car seat gap filler is perfect organizer.', 5, '2025-12-16 00:52:44'),
(334, 107, 40, 'Luggage scale is accurate and easy to use.', 4, '2025-12-16 00:52:44'),
(335, 118, 51, 'Cordless drill is powerful for DIY projects.', 5, '2025-12-16 00:52:44'),
(336, 129, 62, 'Smart ring tracks sleep accurately.', 4, '2025-12-16 00:52:44'),
(337, 21, 9, 'Surround sound is immersive but mic quality is bad.', 3, '2025-12-16 00:52:44'),
(338, 35, 20, 'Gaming mouse pad is huge and perfect.', 5, '2025-12-16 00:52:44'),
(339, 49, 31, 'Phone tripod is sturdy and adjustable.', 4, '2025-12-16 00:52:44'),
(340, 63, 42, 'Electric back massager is too weak.', 2, '2025-12-16 00:52:44'),
(341, 77, 53, 'UV sanitizer gives peace of mind.', 5, '2025-12-16 00:52:44'),
(342, 91, 64, 'Water flosser is powerful and effective.', 5, '2025-12-16 00:52:44'),
(343, 104, 11, 'Camping hammock is comfortable and durable.', 5, '2025-12-16 00:52:44'),
(344, 117, 22, 'Indoor herb garden grows basil well.', 4, '2025-12-16 00:52:44'),
(345, 130, 33, 'Cordless vacuum is powerful for pet hair.', 5, '2025-12-16 00:52:44'),
(346, 21, 44, 'Headset comfortable but mic issues.', 3, '2025-12-16 00:52:44'),
(347, 38, 55, 'Bluetooth car adapter has static noise.', 2, '2025-12-16 00:52:44'),
(348, 55, 2, 'Professional mic is studio quality.', 5, '2025-12-16 00:52:44'),
(349, 72, 13, 'Adjustable dumbbells are space-saving.', 5, '2025-12-16 00:52:44'),
(350, 88, 24, 'Portable espresso maker makes great coffee.', 4, '2025-12-16 00:52:44'),
(351, 103, 35, 'Automatic can opener works every time.', 5, '2025-12-16 00:52:44'),
(352, 119, 46, 'Electric wine opener is convenient.', 5, '2025-12-16 00:52:44'),
(353, 21, 57, 'Gaming headset audio is good but mic terrible.', 2, '2025-12-16 00:52:44'),
(354, 40, 4, 'Multi-port charging station charges all devices fast.', 5, '2025-12-16 00:52:44'),
(355, 61, 15, 'Smart light bulbs work with Google Home.', 5, '2025-12-16 00:52:44'),
(356, 82, 26, 'Posture corrector helps with back pain.', 4, '2025-12-16 00:52:44'),
(357, 98, 37, 'Controller charger dock is convenient.', 5, '2025-12-16 00:52:44'),
(358, 115, 48, 'Ice roller reduces puffiness effectively.', 4, '2025-12-16 00:52:44'),
(359, 21, 59, 'Would not recommend due to mic issues.', 2, '2025-12-16 00:52:44'),
(360, 44, 16, 'Car vacuum is weak but okay for light cleaning.', 3, '2025-12-16 00:52:44'),
(361, 69, 27, 'Resistance bands are good for home workouts.', 4, '2025-12-16 00:52:44'),
(362, 94, 38, 'Memory foam cushion is comfortable.', 5, '2025-12-16 00:52:44'),
(363, 110, 49, 'Hand warmer/power bank is dual-function genius.', 5, '2025-12-16 00:52:44'),
(364, 21, 60, 'Third pair with same mic problem. Quality control issue.', 1, '2025-12-16 00:52:44'),
(365, 50, 17, 'Sunglasses are stylish with good UV protection.', 4, '2025-12-16 00:52:44'),
(366, 75, 28, 'Folding water bottle is perfect for travel.', 5, '2025-12-16 00:52:44'),
(367, 100, 39, 'Automatic pet feeder works perfectly.', 5, '2025-12-16 00:52:44'),
(368, 21, 50, 'Company refuses to replace defective headset.', 1, '2025-12-16 00:52:44'),
(369, 56, 7, 'Keyboard cleaning gel is fun and effective.', 5, '2025-12-16 00:52:44'),
(370, 81, 18, 'Silicone food bags are eco-friendly.', 4, '2025-12-16 00:52:44'),
(371, 106, 29, 'Shoe dryer works quickly.', 5, '2025-12-16 00:52:44'),
(372, 21, 40, 'DO NOT BUY! Mic stops working after 2 weeks consistently.', 1, '2025-12-16 00:52:44'),
(373, 65, 51, 'Gaming controller charger is reliable.', 5, '2025-12-16 00:52:44'),
(374, 90, 62, 'Himalayan salt lamp creates relaxing ambiance.', 5, '2025-12-16 00:52:44'),
(375, 15, 6, 'Life-changing chair! My back pain is gone after switching to this.', 5, '2025-12-16 00:52:44'),
(376, 15, 7, 'Great chair, but assembly took longer than expected.', 4, '2025-12-16 00:52:44'),
(377, 15, 8, 'Worth every penny. Adjustable features make it perfect for long work days.', 5, '2025-12-16 00:52:44'),
(378, 16, 6, 'Amazing noise cancellation. Perfect for flights and busy offices.', 5, '2025-12-16 00:52:44'),
(379, 16, 9, 'Good sound quality but case is a bit bulky.', 4, '2025-12-16 00:52:44'),
(380, 16, 10, 'Battery life is excellent. Lasts through my entire workday.', 5, '2025-12-16 00:52:44'),
(381, 17, 7, 'Incredible video quality. Perfect for my hiking adventures.', 5, '2025-12-16 00:52:44'),
(382, 17, 8, 'Easy to use but stabilization could be better during fast movement.', 4, '2025-12-16 00:52:44'),
(383, 18, 6, 'Best purchase for my home office. Switching positions helps so much.', 5, '2025-12-16 00:52:44'),
(384, 18, 9, 'Very sturdy desk. Installation was straightforward.', 5, '2025-12-16 00:52:44'),
(385, 18, 10, 'Motor is quiet and smooth. Memory presets work perfectly.', 5, '2025-12-16 00:52:44'),
(386, 19, 7, 'Works with all my smart devices. Setup was simple.', 5, '2025-12-16 00:52:44'),
(387, 19, 8, 'Good hub but wish it had Zigbee support.', 3, '2025-12-16 00:52:44'),
(388, 20, 9, 'Game changer for productivity. The extra screen space is amazing.', 5, '2025-12-16 00:52:44'),
(389, 20, 6, 'Perfect for coding and gaming. Curved screen is immersive.', 5, '2025-12-16 00:52:44'),
(390, 20, 7, 'Great monitor but takes up a lot of desk space.', 4, '2025-12-16 00:52:44'),
(391, 21, 8, 'Comfortable for long gaming sessions. Mic quality is clear.', 5, '2025-12-16 00:52:44'),
(392, 21, 10, 'Good headset but ear cups get warm after a while.', 4, '2025-12-16 00:52:44'),
(393, 22, 9, 'Charges my phone quickly. Simple and effective.', 5, '2025-12-16 00:52:44'),
(394, 22, 6, 'Works through my phone case. Very convenient.', 5, '2025-12-16 00:52:44'),
(395, 23, 7, 'Saved my phone multiple times on trips. Fast charging works well.', 5, '2025-12-16 00:52:44'),
(396, 23, 8, 'Heavy but reliable. Charges my laptop and phone.', 4, '2025-12-16 00:52:44'),
(397, 24, 9, 'Scans are crystal clear. Great for digitizing old documents.', 5, '2025-12-16 00:52:44'),
(398, 24, 10, 'ADF works smoothly. Software is user-friendly.', 5, '2025-12-16 00:52:44'),
(399, 25, 6, 'Peace of mind while driving. Footage is very clear.', 5, '2025-12-16 00:52:44'),
(400, 25, 7, 'Installation was tricky but worth it. Parking mode is great.', 4, '2025-12-16 00:52:44'),
(401, 26, 8, 'Noticeable difference in air quality. Quiet operation.', 5, '2025-12-16 00:52:44'),
(402, 26, 9, 'Reduces allergens. Smart sensors work accurately.', 5, '2025-12-16 00:52:44'),
(403, 27, 10, 'Love seeing who is at the door from my phone. Installation was easy.', 5, '2025-12-16 00:52:44'),
(404, 27, 6, 'Good video quality but motion detection is too sensitive.', 4, '2025-12-16 00:52:44'),
(405, 28, 7, 'Cleans thoroughly and returns to base automatically. Time saver!', 5, '2025-12-16 00:52:44'),
(406, 28, 8, 'Mapping feature is accurate. Much better than random cleaning.', 5, '2025-12-16 00:52:44'),
(407, 11, NULL, 'vfvf', 4, '2025-12-16 02:14:20'),
(408, 3, NULL, 'vdvxdx', 5, '2025-12-16 02:14:45');

-- --------------------------------------------------------

--
-- Tabelstructuur voor tabel `users`
--

CREATE TABLE `users` (
  `id` int(11) NOT NULL,
  `name` varchar(100) NOT NULL,
  `username` varchar(50) NOT NULL,
  `created_at` timestamp NOT NULL DEFAULT current_timestamp()
) ENGINE=InnoDB DEFAULT CHARSET=utf8mb4 COLLATE=utf8mb4_unicode_ci;

--
-- Gegevens worden geëxporteerd voor tabel `users`
--

INSERT INTO `users` (`id`, `name`, `username`, `created_at`) VALUES
(1, 'John Doe', 'john_doe', '2025-12-16 00:52:43'),
(2, 'Jane Smith', 'jane_smith', '2025-12-16 00:52:43'),
(3, 'Mike Johnson', 'mike_j', '2025-12-16 00:52:43'),
(4, 'Sarah Williams', 'sarah_w', '2025-12-16 00:52:43'),
(5, 'Tom Brown', 'tom_brown', '2025-12-16 00:52:43'),
(6, 'Alex Chen', 'alex_chen', '2025-12-16 00:52:43'),
(7, 'Emily Davis', 'emily_d', '2025-12-16 00:52:43'),
(8, 'Robert Garcia', 'rob_g', '2025-12-16 00:52:43'),
(9, 'Lisa Wang', 'lisa_wang', '2025-12-16 00:52:43'),
(10, 'David Miller', 'david_m', '2025-12-16 00:52:43'),
(11, 'Maria Rodriguez', 'maria_r', '2025-12-16 00:52:43'),
(12, 'James Wilson', 'j_wilson', '2025-12-16 00:52:43'),
(13, 'Sophia Lee', 'sophia_lee', '2025-12-16 00:52:43'),
(14, 'Daniel Taylor', 'dan_t', '2025-12-16 00:52:43'),
(15, 'Olivia Martinez', 'olivia_m', '2025-12-16 00:52:43'),
(16, 'Chris Thompson', 'chris_t', '2025-12-16 00:52:43'),
(17, 'Amanda Harris', 'amanda_h', '2025-12-16 00:52:43'),
(18, 'Kevin Clark', 'kevin_c', '2025-12-16 00:52:43'),
(19, 'Jessica Lewis', 'jessica_l', '2025-12-16 00:52:43'),
(20, 'Brian Robinson', 'brian_r', '2025-12-16 00:52:43'),
(21, 'Nicole Walker', 'nicole_w', '2025-12-16 00:52:43'),
(22, 'Jason Allen', 'jason_a', '2025-12-16 00:52:43'),
(23, 'Michelle Young', 'michelle_y', '2025-12-16 00:52:43'),
(24, 'Steven King', 'steven_k', '2025-12-16 00:52:43'),
(25, 'Rebecca Scott', 'rebecca_s', '2025-12-16 00:52:43'),
(26, 'Paul Green', 'paul_g', '2025-12-16 00:52:43'),
(27, 'Megan Adams', 'megan_a', '2025-12-16 00:52:43'),
(28, 'Joshua Nelson', 'joshua_n', '2025-12-16 00:52:43'),
(29, 'Kimberly Hall', 'kimberly_h', '2025-12-16 00:52:43'),
(30, 'Andrew Baker', 'andrew_b', '2025-12-16 00:52:43'),
(31, 'Samantha Carter', 'samantha_c', '2025-12-16 00:52:43'),
(32, 'Matthew Perez', 'matthew_p', '2025-12-16 00:52:43'),
(33, 'Elizabeth Torres', 'elizabeth_t', '2025-12-16 00:52:43'),
(34, 'Ryan Evans', 'ryan_e', '2025-12-16 00:52:43'),
(35, 'Victoria Phillips', 'victoria_p', '2025-12-16 00:52:43'),
(36, 'Jacob Turner', 'jacob_t', '2025-12-16 00:52:43'),
(37, 'Julia Collins', 'julia_c', '2025-12-16 00:52:43'),
(38, 'Benjamin Stewart', 'benjamin_s', '2025-12-16 00:52:43'),
(39, 'Catherine Parker', 'catherine_p', '2025-12-16 00:52:43'),
(40, 'Patrick Edwards', 'patrick_e', '2025-12-16 00:52:43'),
(41, 'Danielle Morris', 'danielle_m', '2025-12-16 00:52:43'),
(42, 'Timothy Rivera', 'timothy_r', '2025-12-16 00:52:43'),
(43, 'Brittany Cook', 'brittany_c', '2025-12-16 00:52:43'),
(44, 'Nathan Cooper', 'nathan_c', '2025-12-16 00:52:43'),
(45, 'Alexis Reed', 'alexis_r', '2025-12-16 00:52:43'),
(46, 'Peter Bailey', 'peter_b', '2025-12-16 00:52:43'),
(47, 'Vanessa Bell', 'vanessa_b', '2025-12-16 00:52:43'),
(48, 'Jonathan Gray', 'jonathan_g', '2025-12-16 00:52:43'),
(49, 'Monica Howard', 'monica_h', '2025-12-16 00:52:43'),
(50, 'Shawn Ward', 'shawn_w', '2025-12-16 00:52:43'),
(51, 'Tiffany Cox', 'tiffany_c', '2025-12-16 00:52:43'),
(52, 'Philip Diaz', 'philip_d', '2025-12-16 00:52:43'),
(53, 'Jasmine Foster', 'jasmine_f', '2025-12-16 00:52:43'),
(54, 'Brandon Brooks', 'brandon_b', '2025-12-16 00:52:43'),
(55, 'Chelsea Price', 'chelsea_p', '2025-12-16 00:52:43'),
(56, 'Marcus Wood', 'marcus_w', '2025-12-16 00:52:43'),
(57, 'Gina Ross', 'gina_r', '2025-12-16 00:52:43'),
(58, 'Kenneth Bennett', 'kenneth_b', '2025-12-16 00:52:43'),
(59, 'Heather Hughes', 'heather_h', '2025-12-16 00:52:43'),
(60, 'Raymond Barnes', 'raymond_b', '2025-12-16 00:52:43'),
(61, 'April Fisher', 'april_f', '2025-12-16 00:52:43'),
(62, 'Derek Henderson', 'derek_h', '2025-12-16 00:52:43'),
(63, 'Natalie Coleman', 'natalie_c', '2025-12-16 00:52:43'),
(64, 'Victor Jenkins', 'victor_j', '2025-12-16 00:52:43'),
(65, 'Molly Patterson', 'molly_p', '2025-12-16 00:52:43');

--
-- Indexen voor geëxporteerde tabellen
--

--
-- Indexen voor tabel `products`
--
ALTER TABLE `products`
  ADD PRIMARY KEY (`id`);

--
-- Indexen voor tabel `product_reviews`
--
ALTER TABLE `product_reviews`
  ADD PRIMARY KEY (`id`),
  ADD KEY `user_id` (`user_id`),
  ADD KEY `idx_product_id` (`product_id`);

--
-- Indexen voor tabel `users`
--
ALTER TABLE `users`
  ADD PRIMARY KEY (`id`),
  ADD UNIQUE KEY `username` (`username`);

--
-- AUTO_INCREMENT voor geëxporteerde tabellen
--

--
-- AUTO_INCREMENT voor een tabel `products`
--
ALTER TABLE `products`
  MODIFY `id` int(11) NOT NULL AUTO_INCREMENT, AUTO_INCREMENT=141;

--
-- AUTO_INCREMENT voor een tabel `product_reviews`
--
ALTER TABLE `product_reviews`
  MODIFY `id` int(11) NOT NULL AUTO_INCREMENT, AUTO_INCREMENT=411;

--
-- AUTO_INCREMENT voor een tabel `users`
--
ALTER TABLE `users`
  MODIFY `id` int(11) NOT NULL AUTO_INCREMENT, AUTO_INCREMENT=71;

--
-- Beperkingen voor geëxporteerde tabellen
--

--
-- Beperkingen voor tabel `product_reviews`
--
ALTER TABLE `product_reviews`
  ADD CONSTRAINT `product_reviews_ibfk_1` FOREIGN KEY (`product_id`) REFERENCES `products` (`id`) ON DELETE CASCADE,
  ADD CONSTRAINT `product_reviews_ibfk_2` FOREIGN KEY (`user_id`) REFERENCES `users` (`id`) ON DELETE SET NULL;
COMMIT;

/*!40101 SET CHARACTER_SET_CLIENT=@OLD_CHARACTER_SET_CLIENT */;
/*!40101 SET CHARACTER_SET_RESULTS=@OLD_CHARACTER_SET_RESULTS */;
/*!40101 SET COLLATION_CONNECTION=@OLD_COLLATION_CONNECTION */;
